id,category,name,photo
1,상의,릴렉스 핏 크루 넥 반팔 티셔츠 [화이트],https://image.msscdn.net/images/goods_img/20190327/996177/996177_3_500.jpg
2,상의,쿨 코튼 2-PACK 티셔츠,https://image.msscdn.net/images/goods_img/20210316/1848166/1848166_4_500.jpg
3,상의,빅 트위치 로고 티셔츠 화이트,https://image.msscdn.net/images/goods_img/20181112/903340/903340_7_500.jpg
4,상의,릴렉스 핏 크루 넥 반팔 티셔츠 [블랙],https://image.msscdn.net/images/goods_img/20190327/996178/996178_3_500.jpg
5,상의,EMBROIDERY HANDSOME DAN TEE WHITE,https://image.msscdn.net/images/goods_img/20210407/1886950/1886950_1_500.jpg
6,상의,[패키지] NYC LOCATION T-SHIRT (16 Colors) [LRPMCTA401M],https://image.msscdn.net/images/goods_img/20200424/1420730/1420730_1_500.jpg
7,상의,미시간 울버린 피그먼트 반팔티 블랙차콜,https://image.msscdn.net/images/goods_img/20210407/1884943/1884943_1_500.jpg
8,상의,슈무 아치로고 반팔 티셔츠 화이트,https://image.msscdn.net/images/goods_img/20210315/1845608/1845608_3_500.jpg
9,상의,레이어드 크루 넥 반팔 티셔츠 [화이트],https://image.msscdn.net/images/goods_img/20200402/1382658/1382658_5_500.jpg
10,상의,TAG RB TEE - BLACK,https://image.msscdn.net/images/goods_img/20210415/1900133/1900133_2_500.jpg
11,상의,시티보이 빅오버 옥스포드 반팔 셔츠_Sky Blue,https://image.msscdn.net/images/goods_img/20210503/1935180/1935180_1_500.jpg
12,상의,루즈핏 오픈카라 텐셀 린넨 셔츠 [네이비],https://image.msscdn.net/images/goods_img/20190408/1008043/1008043_2_500.jpg
13,상의,솔리드 옥스포드 오버셔츠(스카이블루),https://image.msscdn.net/images/goods_img/20200305/1336398/1336398_2_500.jpg
14,상의,시티보이 빅오버 옥스포드 반팔 셔츠_White,https://image.msscdn.net/images/goods_img/20210503/1935174/1935174_2_500.jpg
15,상의,솔리드 옥스포드 오버셔츠(화이트),https://image.msscdn.net/images/goods_img/20200305/1336290/1336290_3_500.jpg
16,상의,STRIPE HANDSOME DAN SHIRT BLUE,https://image.msscdn.net/images/goods_img/20210203/1776344/1776344_1_500.jpg
17,상의,SH9304 프렌치 스트라이프 셔츠,https://image.msscdn.net/images/goods_img/20200318/1355922/1355922_2_500.jpg
18,상의,플러프 무드 체크 셔츠 S24 네이비,https://image.msscdn.net/images/goods_img/20180917/859956/859956_6_500.jpg
19,상의,루즈핏 오픈카라 텐셀 린넨 셔츠 [블랙],https://image.msscdn.net/images/goods_img/20190610/1067420/1067420_1_500.jpg
20,상의,Wooltan Check Shirts (Cream),https://image.msscdn.net/images/goods_img/20181025/890749/890749_2_500.jpg
21,상의,슬릿 넥 피케 폴로 셔츠 [블랙],https://image.msscdn.net/images/goods_img/20200406/1387524/1387524_1_500.jpg
22,상의,21S/S 오버핏 피케티셔츠 (블랙),https://image.msscdn.net/images/goods_img/20190430/1031260/1031260_4_500.jpg
23,상의,쿨 소프트 숏 슬리브 카라 니트 오트밀,https://image.msscdn.net/images/goods_img/20200518/1451222/1451222_5_500.jpg
24,상의,럭비 스트라이프 티셔츠 네이비,https://image.msscdn.net/images/goods_img/20210421/1913570/1913570_2_500.jpg
25,상의,쿨탠다드 피케 폴로 셔츠 [블랙],https://image.msscdn.net/images/goods_img/20200414/1404736/1404736_1_500.jpg
26,상의,릴렉스 핏 피케 폴로 셔츠 [블랙],https://image.msscdn.net/images/goods_img/20200407/1387972/1387972_1_500.jpg
27,상의,21S/S 오버핏 피케티셔츠 (카키),https://image.msscdn.net/images/goods_img/20190430/1031257/1031257_6_500.jpg
28,상의,쿨 소프트 숏 슬리브 카라 니트 빈티지브라운,https://image.msscdn.net/images/goods_img/20200518/1451220/1451220_4_500.jpg
29,상의,BUTTER CREAM KNIT HALF SHIRTS,https://image.msscdn.net/images/goods_img/20210312/1842348/1842348_2_500.jpg
30,상의,[UNISEX]플라워도트 자수 화이트 클립 피케 반팔티셔츠_블랙,https://image.msscdn.net/images/goods_img/20210512/1947063/1947063_1_500.jpg
31,상의,베이식 긴팔 티셔츠 [화이트],https://image.msscdn.net/images/goods_img/20190905/1144989/1144989_3_500.jpg
32,상의,Longsleeve 무지 긴팔티,https://image.msscdn.net/images/goods_img/20160902/404474/404474_13_500.jpg
33,상의,[세트] 에센셜 오버핏 스웨트티셔츠,https://image.msscdn.net/images/goods_img/20210809/2053660/2053660_2_500.jpg
34,상의,베이식 긴팔 티셔츠 [블랙],https://image.msscdn.net/images/goods_img/20190826/1129745/1129745_3_500.jpg
35,상의,스트라이프 롱슬리브 블랙,https://image.msscdn.net/images/goods_img/20200225/1322019/1322019_8_500.jpg
36,상의,[패키지] NYC LOCATION LONG SLEEVE T-SHIRTS [LROFCTR721M],https://image.msscdn.net/images/goods_img/20190827/1130844/1130844_1_500.jpg
37,상의,폰테 크루 넥 긴팔 티셔츠 [오프 화이트],https://image.msscdn.net/images/goods_img/20191016/1190264/1190264_6_500.jpg
38,상의,2PACK SMALL ARCH LS BLACK / WHITE,https://image.msscdn.net/images/goods_img/20210811/2058136/2058136_1_500.jpg
39,상의,[SET] 퓨어 헤비 티셔츠,https://image.msscdn.net/images/goods_img/20200116/1272823/1272823_11_500.jpg
40,상의,[패키지] 오버핏 레이어드 롱티셔츠 패키지 KJLT2153,https://image.msscdn.net/images/goods_img/20180906/850153/850153_1_500.jpg
41,상의,2 TONE ARCH HOODIE GRAY,https://image.msscdn.net/images/goods_img/20200928/1628385/1628385_1_500.jpg
42,상의,ODSD 로고 아플리케 후드 - 8COLOR,https://image.msscdn.net/images/goods_img/20200904/1584097/1584097_3_500.jpg
43,상의,로그 오버핏 기모 후드 그레이 YHHD2302,https://image.msscdn.net/images/goods_img/20200922/1615829/1615829_1_500.jpg
44,상의,[Mmlg] 1987MMLG HOOD (GREY),https://image.msscdn.net/images/goods_img/20170905/624932/624932_1_500.jpg
45,상의,사인 로고 후드 그레이,https://image.msscdn.net/images/goods_img/20170926/644026/644026_2_500.jpg
46,상의,사인 로고 후드 블랙,https://image.msscdn.net/images/goods_img/20170926/644025/644025_2_500.jpg
47,상의,어센틱 로고 후디 멜란지 그레이,https://image.msscdn.net/images/goods_img/20180130/705441/705441_4_500.jpg
48,상의,Arch Logo Hoodie Navy,https://image.msscdn.net/images/goods_img/20200903/1583547/1583547_1_500.jpg
49,상의,[패키지] NYC LOCATION HOOD T-SHIRTS [LRPFCTH331M],https://image.msscdn.net/images/goods_img/20200818/1551889/1551889_1_500.jpg
50,상의,UNISEX LAUREL OVERSIZED HOODIE BLACK,https://image.msscdn.net/images/goods_img/20191103/1211169/1211169_9_500.jpg
